"index","group","input","target"
"78","date","public RenameAlbumRequest() {super(""CloudPhoto"", ""<DATE>"", ""RenameAlbum"", ""cloudphoto"");setProtocol(ProtocolType.HTTPS);}","public RenameAlbumRequest() {super(""CloudPhoto"", ""2017-07-11"", ""RenameAlbum"", ""cloudphoto"");setProtocol(ProtocolType.HTTPS);}"
"248","date","public UpdateRepoAuthorizationRequest() {super(""cr"", ""<DATE>"", ""UpdateRepoAuthorization"", ""cr"");setUriPattern(""/repos/[RepoNamespace]/[RepoName]/authorizations/[AuthorizeId]"");setMethod(MethodType.POST);}","public UpdateRepoAuthorizationRequest() {super(""cr"", ""2016-06-07"", ""UpdateRepoAuthorization"", ""cr"");setUriPattern(""/repos/[RepoNamespace]/[RepoName]/authorizations/[AuthorizeId]"");setMethod(MethodType.POST);}"
"338","date","public RevokeTokenRequest() {super(""OnsMqtt"", ""<DATE>"", ""RevokeToken"", ""onsmqtt"");setMethod(MethodType.POST);}","public RevokeTokenRequest() {super(""OnsMqtt"", ""2019-12-11"", ""RevokeToken"", ""onsmqtt"");setMethod(MethodType.POST);}"
"385","date","public ListEventsRequest() {super(""Status"", ""<DATE>"", ""ListEvents"", ""StatusAPI"");setMethod(MethodType.POST);}","public ListEventsRequest() {super(""Status"", ""2020-01-17"", ""ListEvents"", ""StatusAPI"");setMethod(MethodType.POST);}"
"391","date","public QueryCustomerByPhoneRequest() {super(""xspace"", ""<DATE>"", ""QueryCustomerByPhone"");setUriPattern(""/customerbyphone"");setMethod(MethodType.POST);}","public QueryCustomerByPhoneRequest() {super(""xspace"", ""2017-07-20"", ""QueryCustomerByPhone"");setUriPattern(""/customerbyphone"");setMethod(MethodType.POST);}"
"497","date","public RebootInstanceRequest() {super(""HPC"", ""<DATE>"", ""RebootInstance"", ""hpc"");setMethod(MethodType.POST);}","public RebootInstanceRequest() {super(""HPC"", ""2016-06-03"", ""RebootInstance"", ""hpc"");setMethod(MethodType.POST);}"
"518","date","public AddImageRequest() {super(""ImageSearch"", ""<DATE>"", ""AddImage"", ""imagesearch"");setUriPattern(""/v2/image/add"");setMethod(MethodType.POST);}","public AddImageRequest() {super(""ImageSearch"", ""2019-03-25"", ""AddImage"", ""imagesearch"");setUriPattern(""/v2/image/add"");setMethod(MethodType.POST);}"
"608","date","public InvokeServiceAsyncRequest() {super(""industry-brain"", ""<DATE>"", ""InvokeServiceAsync"");setMethod(MethodType.POST);}","public InvokeServiceAsyncRequest() {super(""industry-brain"", ""2018-07-12"", ""InvokeServiceAsync"");setMethod(MethodType.POST);}"
"688","date","public SearchFaceRequest() {super(""LinkFace"", ""<DATE>"", ""SearchFace"");setProtocol(ProtocolType.HTTPS);setMethod(MethodType.POST);}","public SearchFaceRequest() {super(""LinkFace"", ""2018-07-20"", ""SearchFace"");setProtocol(ProtocolType.HTTPS);setMethod(MethodType.POST);}"
"737","date","public Request<GetPolicyRequest> marshall(GetPolicyRequest getPolicyRequest) {if (getPolicyRequest == null) {throw new SdkClientException(""Invalid argument passed to marshall(...)"");}Request<GetPolicyRequest> request = new DefaultRequest<GetPolicyRequest>(getPolicyRequest, ""AmazonIdentityManagement"");request.addParameter(""Action"", ""GetPolicy"");request.addParameter(""Version"", ""<DATE>"");request.setHttpMethod(HttpMethodName.POST);if (getPolicyRequest.getPolicyArn() != null) {request.addParameter(""PolicyArn"", StringUtils.fromString(getPolicyRequest.getPolicyArn()));}return request;}","public Request<GetPolicyRequest> marshall(GetPolicyRequest getPolicyRequest) {if (getPolicyRequest == null) {throw new SdkClientException(""Invalid argument passed to marshall(...)"");}Request<GetPolicyRequest> request = new DefaultRequest<GetPolicyRequest>(getPolicyRequest, ""AmazonIdentityManagement"");request.addParameter(""Action"", ""GetPolicy"");request.addParameter(""Version"", ""2010-05-08"");request.setHttpMethod(HttpMethodName.POST);if (getPolicyRequest.getPolicyArn() != null) {request.addParameter(""PolicyArn"", StringUtils.fromString(getPolicyRequest.getPolicyArn()));}return request;}"
"769","date","public MopenCreateGroupRequest() {super(""MoPen"", ""<DATE>"", ""MopenCreateGroup"", ""mopen"");setProtocol(ProtocolType.HTTPS);setMethod(MethodType.POST);}","public MopenCreateGroupRequest() {super(""MoPen"", ""2018-02-11"", ""MopenCreateGroup"", ""mopen"");setProtocol(ProtocolType.HTTPS);setMethod(MethodType.POST);}"
"1292","date","public SaveTaskForSubmittingDomainRealNameVerificationByIdentityCredentialRequest() {super(""Domain"", ""<DATE>"", ""SaveTaskForSubmittingDomainRealNameVerificationByIdentityCredential"");setMethod(MethodType.POST);}","public SaveTaskForSubmittingDomainRealNameVerificationByIdentityCredentialRequest() {super(""Domain"", ""2018-01-29"", ""SaveTaskForSubmittingDomainRealNameVerificationByIdentityCredential"");setMethod(MethodType.POST);}"
"1621","date","public SubmitCutoutTaskRequest() {super(""lubancloud"", ""<DATE>"", ""SubmitCutoutTask"", ""luban"");setMethod(MethodType.POST);}","public SubmitCutoutTaskRequest() {super(""lubancloud"", ""2018-05-09"", ""SubmitCutoutTask"", ""luban"");setMethod(MethodType.POST);}"
"1801","date","public PredictCategoryRequest() {super(""visionai-poc"", ""<DATE>"", ""PredictCategory"");setMethod(MethodType.POST);}","public PredictCategoryRequest() {super(""visionai-poc"", ""2020-04-08"", ""PredictCategory"");setMethod(MethodType.POST);}"
"2382","date","public TranslateTextRequest() {super(""hiknoengine"", ""<DATE>"", ""TranslateText"", ""hiknoengine"");setMethod(MethodType.POST);}","public TranslateTextRequest() {super(""hiknoengine"", ""2019-06-25"", ""TranslateText"", ""hiknoengine"");setMethod(MethodType.POST);}"
"2854","date","public BindInstance2VpcRequest() {super(""Ots"", ""<DATE>"", ""BindInstance2Vpc"", ""ots"");setMethod(MethodType.POST);}","public BindInstance2VpcRequest() {super(""Ots"", ""2016-06-20"", ""BindInstance2Vpc"", ""ots"");setMethod(MethodType.POST);}"
"4000","date","public CreateTicketRequest() {super(""Ccs"", ""<DATE>"", ""CreateTicket"", ""ccs"");setMethod(MethodType.POST);}","public CreateTicketRequest() {super(""Ccs"", ""2017-10-01"", ""CreateTicket"", ""ccs"");setMethod(MethodType.POST);}"
"4362","date","public UpdateKnowledgeRequest() {super(""Chatbot"", ""<DATE>"", ""UpdateKnowledge"", ""beebot"");setMethod(MethodType.POST);}","public UpdateKnowledgeRequest() {super(""Chatbot"", ""2017-10-11"", ""UpdateKnowledge"", ""beebot"");setMethod(MethodType.POST);}"
"5266","date","public RebootInstanceRequest() {super(""Ens"", ""<DATE>"", ""RebootInstance"", ""ens"");setMethod(MethodType.POST);}","public RebootInstanceRequest() {super(""Ens"", ""2017-11-10"", ""RebootInstance"", ""ens"");setMethod(MethodType.POST);}"
"5399","date","public Request<DeletePublicKeyRequest> marshall(DeletePublicKeyRequest deletePublicKeyRequest) {if (deletePublicKeyRequest == null) {throw new SdkClientException(""Invalid argument passed to marshall(...)"");}Request<DeletePublicKeyRequest> request = new DefaultRequest<DeletePublicKeyRequest>(deletePublicKeyRequest, ""AmazonCloudFront"");request.setHttpMethod(HttpMethodName.DELETE);if (deletePublicKeyRequest.getIfMatch() != null) {request.addHeader(""If-Match"", StringUtils.fromString(deletePublicKeyRequest.getIfMatch()));}String uriResourcePath = ""/<DATE>/public-key/{Id}"";uriResourcePath = com.amazonaws.transform.PathMarshallers.NON_GREEDY.marshall(uriResourcePath, ""Id"", deletePublicKeyRequest.getId());request.setResourcePath(uriResourcePath);return request;}","public Request<DeletePublicKeyRequest> marshall(DeletePublicKeyRequest deletePublicKeyRequest) {if (deletePublicKeyRequest == null) {throw new SdkClientException(""Invalid argument passed to marshall(...)"");}Request<DeletePublicKeyRequest> request = new DefaultRequest<DeletePublicKeyRequest>(deletePublicKeyRequest, ""AmazonCloudFront"");request.setHttpMethod(HttpMethodName.DELETE);if (deletePublicKeyRequest.getIfMatch() != null) {request.addHeader(""If-Match"", StringUtils.fromString(deletePublicKeyRequest.getIfMatch()));}String uriResourcePath = ""/2019-03-26/public-key/{Id}"";uriResourcePath = com.amazonaws.transform.PathMarshallers.NON_GREEDY.marshall(uriResourcePath, ""Id"", deletePublicKeyRequest.getId());request.setResourcePath(uriResourcePath);return request;}"
"5980","date","public ModifyStrategyTargetRequest() {super(""aegis"", ""<DATE>"", ""ModifyStrategyTarget"", ""vipaegis"");setMethod(MethodType.POST);}","public ModifyStrategyTargetRequest() {super(""aegis"", ""2016-11-11"", ""ModifyStrategyTarget"", ""vipaegis"");setMethod(MethodType.POST);}"
"6195","date","public SaveTaskForSubmittingDomainRealNameVerificationByIdentityCredentialRequest() {super(""Domain-intl"", ""<DATE>"", ""SaveTaskForSubmittingDomainRealNameVerificationByIdentityCredential"", ""domain"");setMethod(MethodType.POST);}","public SaveTaskForSubmittingDomainRealNameVerificationByIdentityCredentialRequest() {super(""Domain-intl"", ""2017-12-18"", ""SaveTaskForSubmittingDomainRealNameVerificationByIdentityCredential"", ""domain"");setMethod(MethodType.POST);}"
"7684","date","public Request<GetChangeRequest> marshall(GetChangeRequest getChangeRequest) {if (getChangeRequest == null) {throw new SdkClientException(""Invalid argument passed to marshall(...)"");}Request<GetChangeRequest> request = new DefaultRequest<GetChangeRequest>(getChangeRequest, ""AmazonRoute53"");request.setHttpMethod(HttpMethodName.GET);String uriResourcePath = ""/<DATE>/change/{Id}"";uriResourcePath = com.amazonaws.transform.PathMarshallers.NON_GREEDY.marshall(uriResourcePath, ""Id"", getChangeRequest.getId());request.setResourcePath(uriResourcePath);return request;}","public Request<GetChangeRequest> marshall(GetChangeRequest getChangeRequest) {if (getChangeRequest == null) {throw new SdkClientException(""Invalid argument passed to marshall(...)"");}Request<GetChangeRequest> request = new DefaultRequest<GetChangeRequest>(getChangeRequest, ""AmazonRoute53"");request.setHttpMethod(HttpMethodName.GET);String uriResourcePath = ""/2013-04-01/change/{Id}"";uriResourcePath = com.amazonaws.transform.PathMarshallers.NON_GREEDY.marshall(uriResourcePath, ""Id"", getChangeRequest.getId());request.setResourcePath(uriResourcePath);return request;}"
"29","exception","public void finish(FieldInfos fis, int numDocs) throws IOException {if (!pendingDocs.isEmpty()) {flush();numDirtyChunks++; }if (numDocs != this.numDocs) {throw new RuntimeException(""<EXCEPTION>"" + this.numDocs + "" docs, finish called with numDocs="" + numDocs);}indexWriter.finish(numDocs, vectorsStream.getFilePointer());vectorsStream.writeVLong(numChunks);vectorsStream.writeVLong(numDirtyChunks);CodecUtil.writeFooter(vectorsStream);}","public void finish(FieldInfos fis, int numDocs) throws IOException {if (!pendingDocs.isEmpty()) {flush();numDirtyChunks++; }if (numDocs != this.numDocs) {throw new RuntimeException(""Wrote "" + this.numDocs + "" docs, finish called with numDocs="" + numDocs);}indexWriter.finish(numDocs, vectorsStream.getFilePointer());vectorsStream.writeVLong(numChunks);vectorsStream.writeVLong(numDirtyChunks);CodecUtil.writeFooter(vectorsStream);}"
"38","exception","public char setIndex(int position) {if (position < getBeginIndex() || position > getEndIndex())throw new IllegalArgumentException(""<EXCEPTION>"" + position);index = start + position;return current();}","public char setIndex(int position) {if (position < getBeginIndex() || position > getEndIndex())throw new IllegalArgumentException(""Illegal Position: "" + position);index = start + position;return current();}"
"95","exception","public ValueEval evaluate(String sheetName, int rowIndex, int columnIndex) {EvaluationCell cell = _sewb.getEvaluationCell(sheetName, rowIndex, columnIndex);switch (cell.getCellType()) {case BOOLEAN:return BoolEval.valueOf(cell.getBooleanCellValue());case ERROR:return ErrorEval.valueOf(cell.getErrorCellValue());case FORMULA:return _evaluator.evaluate(cell);case NUMERIC:return new NumberEval(cell.getNumericCellValue());case STRING:return new StringEval(cell.getStringCellValue());case BLANK:return null;default:throw new IllegalStateException(""<EXCEPTION>"" + cell.getCellType() + "")"");}}","public ValueEval evaluate(String sheetName, int rowIndex, int columnIndex) {EvaluationCell cell = _sewb.getEvaluationCell(sheetName, rowIndex, columnIndex);switch (cell.getCellType()) {case BOOLEAN:return BoolEval.valueOf(cell.getBooleanCellValue());case ERROR:return ErrorEval.valueOf(cell.getErrorCellValue());case FORMULA:return _evaluator.evaluate(cell);case NUMERIC:return new NumberEval(cell.getNumericCellValue());case STRING:return new StringEval(cell.getStringCellValue());case BLANK:return null;default:throw new IllegalStateException(""Bad cell type ("" + cell.getCellType() + "")"");}}"
"169","exception","public List<Token> getHiddenTokensToLeft(int tokenIndex, int channel) {lazyInit();if ( tokenIndex<0 || tokenIndex>=tokens.size() ) {throw new IndexOutOfBoundsException(tokenIndex+""<EXCEPTION>""+(tokens.size()-1));}if (tokenIndex == 0) {return null;}int prevOnChannel =previousTokenOnChannel(tokenIndex - 1, Lexer.DEFAULT_TOKEN_CHANNEL);if ( prevOnChannel == tokenIndex - 1 ) return null;int from = prevOnChannel+1;int to = tokenIndex-1;return filterForChannel(from, to, channel);}","public List<Token> getHiddenTokensToLeft(int tokenIndex, int channel) {lazyInit();if ( tokenIndex<0 || tokenIndex>=tokens.size() ) {throw new IndexOutOfBoundsException(tokenIndex+"" not in 0..""+(tokens.size()-1));}if (tokenIndex == 0) {return null;}int prevOnChannel =previousTokenOnChannel(tokenIndex - 1, Lexer.DEFAULT_TOKEN_CHANNEL);if ( prevOnChannel == tokenIndex - 1 ) return null;int from = prevOnChannel+1;int to = tokenIndex-1;return filterForChannel(from, to, channel);}"
"175","exception","public URI(String scheme, String authority, String path, String query,String fragment) throws URISyntaxException {if (scheme != null && path != null && !path.isEmpty() && path.charAt(0) != '/') {throw new URISyntaxException(path, ""<EXCEPTION>"");}StringBuilder uri = new StringBuilder();if (scheme != null) {uri.append(scheme);uri.append(':');}if (authority != null) {uri.append("""");AUTHORITY_ENCODER.appendEncoded(uri, authority);}if (path != null) {PATH_ENCODER.appendEncoded(uri, path);}if (query != null) {uri.append('?');ALL_LEGAL_ENCODER.appendEncoded(uri, query);}if (fragment != null) {uri.append('#');ALL_LEGAL_ENCODER.appendEncoded(uri, fragment);}parseURI(uri.toString(), false);}","public URI(String scheme, String authority, String path, String query,String fragment) throws URISyntaxException {if (scheme != null && path != null && !path.isEmpty() && path.charAt(0) != '/') {throw new URISyntaxException(path, ""Relative path"");}StringBuilder uri = new StringBuilder();if (scheme != null) {uri.append(scheme);uri.append(':');}if (authority != null) {uri.append("""");AUTHORITY_ENCODER.appendEncoded(uri, authority);}if (path != null) {PATH_ENCODER.appendEncoded(uri, path);}if (query != null) {uri.append('?');ALL_LEGAL_ENCODER.appendEncoded(uri, query);}if (fragment != null) {uri.append('#');ALL_LEGAL_ENCODER.appendEncoded(uri, fragment);}parseURI(uri.toString(), false);}"
"193","exception","public int checkExternSheet(int firstSheetIndex, int lastSheetIndex) {int thisWbIndex = -1; for (int i = 0; i < _externalBookBlocks.length; i++) {SupBookRecord ebr = _externalBookBlocks[i].getExternalBookRecord();if (ebr.isInternalReferences()) {thisWbIndex = i;break;}}if (thisWbIndex < 0) {throw new RuntimeException(""<EXCEPTION>"");}int i = _externSheetRecord.getRefIxForSheet(thisWbIndex, firstSheetIndex, lastSheetIndex);if (i >= 0) {return i;}return _externSheetRecord.addRef(thisWbIndex, firstSheetIndex, lastSheetIndex);}","public int checkExternSheet(int firstSheetIndex, int lastSheetIndex) {int thisWbIndex = -1; for (int i = 0; i < _externalBookBlocks.length; i++) {SupBookRecord ebr = _externalBookBlocks[i].getExternalBookRecord();if (ebr.isInternalReferences()) {thisWbIndex = i;break;}}if (thisWbIndex < 0) {throw new RuntimeException(""Could not find 'internal references' EXTERNALBOOK"");}int i = _externSheetRecord.getRefIxForSheet(thisWbIndex, firstSheetIndex, lastSheetIndex);if (i >= 0) {return i;}return _externSheetRecord.addRef(thisWbIndex, firstSheetIndex, lastSheetIndex);}"
"254","exception","public static int response(java.net.HttpURLConnection c)throws IOException {try {return c.getResponseCode();} catch (ConnectException ce) {final URL url = c.getURL();final String host = (url == null) ? ""<null>"" : url.getHost(); if (""Connection timed out: connect"".equals(ce.getMessage())) throw new ConnectException(MessageFormat.format(JGitText.get().connectionTimeOut, host));throw new ConnectException(ce.getMessage() + ""<EXCEPTION>"" + host); }}","public static int response(java.net.HttpURLConnection c)throws IOException {try {return c.getResponseCode();} catch (ConnectException ce) {final URL url = c.getURL();final String host = (url == null) ? ""<null>"" : url.getHost(); if (""Connection timed out: connect"".equals(ce.getMessage())) throw new ConnectException(MessageFormat.format(JGitText.get().connectionTimeOut, host));throw new ConnectException(ce.getMessage() + "" "" + host); }}"
"257","exception","public static String getNonBlankTextOrFail(Element e) throws ParserException {String v = getText(e);if (null != v)v = v.trim();if (null == v || 0 == v.length()) {throw new ParserException(e.getTagName() + ""<EXCEPTION>"");}return v;}","public static String getNonBlankTextOrFail(Element e) throws ParserException {String v = getText(e);if (null != v)v = v.trim();if (null == v || 0 == v.length()) {throw new ParserException(e.getTagName() + "" has no text"");}return v;}"
"324","exception","public final void setReader(Reader input) {if (input == null) {throw new NullPointerException(""<EXCEPTION>"");} else if (this.input != ILLEGAL_STATE_READER) {throw new IllegalStateException(""<EXCEPTION>"");}this.inputPending = input;setReaderTestPoint();}","public final void setReader(Reader input) {if (input == null) {throw new NullPointerException(""input must not be null"");} else if (this.input != ILLEGAL_STATE_READER) {throw new IllegalStateException(""TokenStream contract violation: close() call missing"");}this.inputPending = input;setReaderTestPoint();}"
"351","exception","@Override public E remove(int index) {Object[] a = array;int s = size;if (index >= s) {throwIndexOutOfBoundsException(index, s);}@SuppressWarnings(""<EXCEPTION>"") E result = (E) a[index];System.arraycopy(a, index + 1, a, index, --s - index);a[s] = null;  size = s;modCount++;return result;}","@Override public E remove(int index) {Object[] a = array;int s = size;if (index >= s) {throwIndexOutOfBoundsException(index, s);}@SuppressWarnings(""unchecked"") E result = (E) a[index];System.arraycopy(a, index + 1, a, index, --s - index);a[s] = null;  size = s;modCount++;return result;}"
"659","exception","public static org.apache.poi.hssf.record.Record create(RecordInputStream in) {switch (in.remaining()) {case 0:return instance;case 2:return new InterfaceHdrRecord(in);}throw new RecordFormatException(""<EXCEPTION>"" + in.remaining());}","public static org.apache.poi.hssf.record.Record create(RecordInputStream in) {switch (in.remaining()) {case 0:return instance;case 2:return new InterfaceHdrRecord(in);}throw new RecordFormatException(""Invalid record data size: "" + in.remaining());}"
"721","exception","final public QueryNode DisjQuery(CharSequence field) throws ParseException {QueryNode first, c;Vector<QueryNode> clauses = null;first = ConjQuery(field);label_2:while (true) {switch ((jj_ntk==-1)?jj_ntk():jj_ntk) {case OR:;break;default:jj_la1[3] = jj_gen;break label_2;}jj_consume_token(OR);c = ConjQuery(field);if (clauses == null) {clauses = new Vector<QueryNode>();clauses.addElement(first);}clauses.addElement(c);}if (clauses != null) {{if (true) return new OrQueryNode(clauses);}} else {{if (true) return first;}}throw new Error(""Missing return statement in function"");}","final public QueryNode DisjQuery(CharSequence field) throws ParseException {QueryNode first, c;Vector<QueryNode> clauses = null;first = ConjQuery(field);label_2:while (true) {switch ((jj_ntk==-1)?jj_ntk():jj_ntk) {case OR:;break;default:jj_la1[3] = jj_gen;break label_2;}jj_consume_token(OR);c = ConjQuery(field);if (clauses == null) {clauses = new Vector<QueryNode>();clauses.addElement(first);}clauses.addElement(c);}if (clauses != null) {{if (true) return new OrQueryNode(clauses);}} else {{if (true) return first;}}throw new Error(""Missing return statement in function"");}"
"737","exception","public Request<GetPolicyRequest> marshall(GetPolicyRequest getPolicyRequest) {if (getPolicyRequest == null) {throw new SdkClientException(""<EXCEPTION>"");}Request<GetPolicyRequest> request = new DefaultRequest<GetPolicyRequest>(getPolicyRequest, ""AmazonIdentityManagement"");request.addParameter(""Action"", ""GetPolicy"");request.addParameter(""Version"", ""2010-05-08"");request.setHttpMethod(HttpMethodName.POST);if (getPolicyRequest.getPolicyArn() != null) {request.addParameter(""PolicyArn"", StringUtils.fromString(getPolicyRequest.getPolicyArn()));}return request;}","public Request<GetPolicyRequest> marshall(GetPolicyRequest getPolicyRequest) {if (getPolicyRequest == null) {throw new SdkClientException(""Invalid argument passed to marshall(...)"");}Request<GetPolicyRequest> request = new DefaultRequest<GetPolicyRequest>(getPolicyRequest, ""AmazonIdentityManagement"");request.addParameter(""Action"", ""GetPolicy"");request.addParameter(""Version"", ""2010-05-08"");request.setHttpMethod(HttpMethodName.POST);if (getPolicyRequest.getPolicyArn() != null) {request.addParameter(""PolicyArn"", StringUtils.fromString(getPolicyRequest.getPolicyArn()));}return request;}"
"913","exception","public void remove() {throw new UnsupportedOperationException(""<EXCEPTION>"");}","public void remove() {throw new UnsupportedOperationException(""Remove not supported"");}"
"939","exception","public Process exec(String command, int timeout)throws TransportException {String ssh = SystemReader.getInstance().getenv(""GIT_SSH""); boolean putty = ssh.toLowerCase(Locale.ROOT).contains(""plink""); List<String> args = new ArrayList<>();args.add(ssh);if (putty&& !ssh.toLowerCase(Locale.ROOT).contains(""tortoiseplink"")) args.add(""-batch""); if (0 < getURI().getPort()) {args.add(putty ? ""-P"" : ""-p""); args.add(String.valueOf(getURI().getPort()));}if (getURI().getUser() != null)args.add(getURI().getUser() + ""@"" + getURI().getHost()); elseargs.add(getURI().getHost());args.add(command);ProcessBuilder pb = createProcess(args);try {return pb.start();} catch (IOException err) {throw new TransportException(err.getMessage(), err);}}","public Process exec(String command, int timeout)throws TransportException {String ssh = SystemReader.getInstance().getenv(""GIT_SSH""); boolean putty = ssh.toLowerCase(Locale.ROOT).contains(""plink""); List<String> args = new ArrayList<>();args.add(ssh);if (putty&& !ssh.toLowerCase(Locale.ROOT).contains(""tortoiseplink"")) args.add(""-batch""); if (0 < getURI().getPort()) {args.add(putty ? ""-P"" : ""-p""); args.add(String.valueOf(getURI().getPort()));}if (getURI().getUser() != null)args.add(getURI().getUser() + ""@"" + getURI().getHost()); elseargs.add(getURI().getHost());args.add(command);ProcessBuilder pb = createProcess(args);try {return pb.start();} catch (IOException err) {throw new TransportException(err.getMessage(), err);}}"
"958","exception","public QueryNode process(QueryNode queryTree) throws QueryNodeException {Operator op = getQueryConfigHandler().get(ConfigurationKeys.DEFAULT_OPERATOR);if (op == null) {throw new IllegalArgumentException(""<EXCEPTION>"");}this.usingAnd = StandardQueryConfigHandler.Operator.AND == op;return super.process(queryTree);}","public QueryNode process(QueryNode queryTree) throws QueryNodeException {Operator op = getQueryConfigHandler().get(ConfigurationKeys.DEFAULT_OPERATOR);if (op == null) {throw new IllegalArgumentException(""StandardQueryConfigHandler.ConfigurationKeys.DEFAULT_OPERATOR should be set on the QueryConfigHandler"");}this.usingAnd = StandardQueryConfigHandler.Operator.AND == op;return super.process(queryTree);}"
"1230","exception","public ConcurrentRefUpdateException(String message, Ref ref,RefUpdate.Result rc) {super((rc == null) ? message : message + ""<EXCEPTION>"" + MessageFormat.format(JGitText.get().refUpdateReturnCodeWas, rc));this.rc = rc;this.ref = ref;}","public ConcurrentRefUpdateException(String message, Ref ref,RefUpdate.Result rc) {super((rc == null) ? message : message + "". "" + MessageFormat.format(JGitText.get().refUpdateReturnCodeWas, rc));this.rc = rc;this.ref = ref;}"
"1700","exception","public String toString() {byte[] raw = toByteArray();CanonicalTreeParser p = new CanonicalTreeParser();p.reset(raw);StringBuilder r = new StringBuilder();r.append(""Tree={"");if (!p.eof()) {r.append('\n');try {new ObjectChecker().checkTree(raw);} catch (CorruptObjectException error) {r.append(""*** ERROR: "").append(error.getMessage()).append(""\n"");r.append('\n');}}while (!p.eof()) {final FileMode mode = p.getEntryFileMode();r.append(mode);r.append(' ');r.append(Constants.typeString(mode.getObjectType()));r.append(' ');r.append(p.getEntryObjectId().name());r.append(' ');r.append(p.getEntryPathString());r.append('\n');p.next();}r.append(""}"");return r.toString();}","public String toString() {byte[] raw = toByteArray();CanonicalTreeParser p = new CanonicalTreeParser();p.reset(raw);StringBuilder r = new StringBuilder();r.append(""Tree={"");if (!p.eof()) {r.append('\n');try {new ObjectChecker().checkTree(raw);} catch (CorruptObjectException error) {r.append(""*** ERROR: "").append(error.getMessage()).append(""\n"");r.append('\n');}}while (!p.eof()) {final FileMode mode = p.getEntryFileMode();r.append(mode);r.append(' ');r.append(Constants.typeString(mode.getObjectType()));r.append(' ');r.append(p.getEntryObjectId().name());r.append(' ');r.append(p.getEntryPathString());r.append('\n');p.next();}r.append(""}"");return r.toString();}"
"1809","exception","public void decompress(DataInput in, int originalLength, int offset, int length, BytesRef bytes) throws IOException {assert offset + length <= originalLength;if (length == 0) {bytes.length = 0;return;}final int compressedLength = in.readVInt();final int paddedLength = compressedLength + 1;compressed = ArrayUtil.grow(compressed, paddedLength);in.readBytes(compressed, 0, compressedLength);compressed[compressedLength] = 0; final Inflater decompressor = new Inflater(true);try {decompressor.setInput(compressed, 0, paddedLength);bytes.offset = bytes.length = 0;bytes.bytes = ArrayUtil.grow(bytes.bytes, originalLength);try {bytes.length = decompressor.inflate(bytes.bytes, bytes.length, originalLength);} catch (DataFormatException e) {throw new IOException(e);}if (!decompressor.finished()) {throw new CorruptIndexException(""<EXCEPTION>"" + decompressor.needsInput()+ "", needsDict="" + decompressor.needsDictionary(), in);}} finally {decompressor.end();}if (bytes.length != originalLength) {throw new CorruptIndexException(""<EXCEPTION>"" + bytes.length + "" != "" + originalLength, in);}bytes.offset = offset;bytes.length = length;}","public void decompress(DataInput in, int originalLength, int offset, int length, BytesRef bytes) throws IOException {assert offset + length <= originalLength;if (length == 0) {bytes.length = 0;return;}final int compressedLength = in.readVInt();final int paddedLength = compressedLength + 1;compressed = ArrayUtil.grow(compressed, paddedLength);in.readBytes(compressed, 0, compressedLength);compressed[compressedLength] = 0; final Inflater decompressor = new Inflater(true);try {decompressor.setInput(compressed, 0, paddedLength);bytes.offset = bytes.length = 0;bytes.bytes = ArrayUtil.grow(bytes.bytes, originalLength);try {bytes.length = decompressor.inflate(bytes.bytes, bytes.length, originalLength);} catch (DataFormatException e) {throw new IOException(e);}if (!decompressor.finished()) {throw new CorruptIndexException(""Invalid decoder state: needsInput="" + decompressor.needsInput()+ "", needsDict="" + decompressor.needsDictionary(), in);}} finally {decompressor.end();}if (bytes.length != originalLength) {throw new CorruptIndexException(""Lengths mismatch: "" + bytes.length + "" != "" + originalLength, in);}bytes.offset = offset;bytes.length = length;}"
"1934","exception","public void notifyListeners(LexerNoViableAltException e) {String text = _input.getText(Interval.of(_tokenStartCharIndex, _input.index()));String msg = ""token recognition error at: '""+ getErrorDisplay(text) + ""'"";ANTLRErrorListener listener = getErrorListenerDispatch();listener.syntaxError(this, null, _tokenStartLine, _tokenStartCharPositionInLine, msg, e);}","public void notifyListeners(LexerNoViableAltException e) {String text = _input.getText(Interval.of(_tokenStartCharIndex, _input.index()));String msg = ""token recognition error at: '""+ getErrorDisplay(text) + ""'"";ANTLRErrorListener listener = getErrorListenerDispatch();listener.syntaxError(this, null, _tokenStartLine, _tokenStartCharPositionInLine, msg, e);}"
"2268","exception","public FontRecord getFontRecordAt(int idx) {int index = idx;if (index > 4) {index -= 1;   }if (index > (numfonts - 1)) {throw new ArrayIndexOutOfBoundsException(""<EXCEPTION>"" + numfonts + "" font records, but you asked for index "" + idx);}return ( FontRecord ) records.get((records.getFontpos() - (numfonts - 1)) + index);}","public FontRecord getFontRecordAt(int idx) {int index = idx;if (index > 4) {index -= 1;   }if (index > (numfonts - 1)) {throw new ArrayIndexOutOfBoundsException(""There are only "" + numfonts + "" font records, but you asked for index "" + idx);}return ( FontRecord ) records.get((records.getFontpos() - (numfonts - 1)) + index);}"
"2498","exception","public String getMetadata() throws ClientException {HttpRequest request = new HttpRequest(credentialUrl.toString());request.setSysMethod(MethodType.GET);request.setSysConnectTimeout(connectionTimeoutInMilliseconds);request.setSysReadTimeout(connectionTimeoutInMilliseconds);HttpResponse response;try {response = CompatibleUrlConnClient.compatibleGetResponse(request);} catch (Exception e) {throw new ClientException(""<EXCEPTION>"" + e.toString());}if (response.getStatus() != HttpURLConnection.HTTP_OK) {throw new ClientException(ECS_METADAT_FETCH_ERROR_MSG + ""<EXCEPTION>"" + response.getStatus());}return new String(response.getHttpContent());}","public String getMetadata() throws ClientException {HttpRequest request = new HttpRequest(credentialUrl.toString());request.setSysMethod(MethodType.GET);request.setSysConnectTimeout(connectionTimeoutInMilliseconds);request.setSysReadTimeout(connectionTimeoutInMilliseconds);HttpResponse response;try {response = CompatibleUrlConnClient.compatibleGetResponse(request);} catch (Exception e) {throw new ClientException(""Failed to connect ECS Metadata Service: "" + e.toString());}if (response.getStatus() != HttpURLConnection.HTTP_OK) {throw new ClientException(ECS_METADAT_FETCH_ERROR_MSG + "" HttpCode="" + response.getStatus());}return new String(response.getHttpContent());}"
"2504","exception","public ValueEval evaluate(int srcRowIndex, int srcColumnIndex, ValueEval inumberVE) {ValueEval veText1;try {veText1 = OperandResolver.getSingleValue(inumberVE, srcRowIndex, srcColumnIndex);} catch (EvaluationException e) {return e.getErrorEval();}String iNumber = OperandResolver.coerceValueToString(veText1);Matcher m = Imaginary.COMPLEX_NUMBER_PATTERN.matcher(iNumber);boolean result = m.matches();String real = """";if (result) {String realGroup = m.group(2);boolean hasRealPart = realGroup.length() != 0;if (realGroup.length() == 0) {return new StringEval(String.valueOf(0));}if (hasRealPart) {String sign = """";String realSign = m.group(Imaginary.GROUP1_REAL_SIGN);if (realSign.length() != 0 && !(realSign.equals(""+""))) {sign = realSign;}String groupRealNumber = m.group(Imaginary.GROUP2_IMAGINARY_INTEGER_OR_DOUBLE);if (groupRealNumber.length() != 0) {real = sign + groupRealNumber;} else {real = sign + ""1"";}}} else {return ErrorEval.NUM_ERROR;}return new StringEval(real);}","public ValueEval evaluate(int srcRowIndex, int srcColumnIndex, ValueEval inumberVE) {ValueEval veText1;try {veText1 = OperandResolver.getSingleValue(inumberVE, srcRowIndex, srcColumnIndex);} catch (EvaluationException e) {return e.getErrorEval();}String iNumber = OperandResolver.coerceValueToString(veText1);Matcher m = Imaginary.COMPLEX_NUMBER_PATTERN.matcher(iNumber);boolean result = m.matches();String real = """";if (result) {String realGroup = m.group(2);boolean hasRealPart = realGroup.length() != 0;if (realGroup.length() == 0) {return new StringEval(String.valueOf(0));}if (hasRealPart) {String sign = """";String realSign = m.group(Imaginary.GROUP1_REAL_SIGN);if (realSign.length() != 0 && !(realSign.equals(""+""))) {sign = realSign;}String groupRealNumber = m.group(Imaginary.GROUP2_IMAGINARY_INTEGER_OR_DOUBLE);if (groupRealNumber.length() != 0) {real = sign + groupRealNumber;} else {real = sign + ""1"";}}} else {return ErrorEval.NUM_ERROR;}return new StringEval(real);}"
"3052","exception","public byte[] getThumbnailAsWMF() throws HPSFException{if (!(getClipboardFormatTag() == CFTAG_WINDOWS))throw new HPSFException(""<EXCEPTION>"" +""be CFTAG_WINDOWS."");if (!(getClipboardFormat() == CF_METAFILEPICT)) {throw new HPSFException(""<EXCEPTION>"" +""be CF_METAFILEPICT."");}byte[] thumbnail = getThumbnail();int wmfImageLength = thumbnail.length - OFFSET_WMFDATA;byte[] wmfImage = new byte[wmfImageLength];System.arraycopy(thumbnail,OFFSET_WMFDATA,wmfImage,0,wmfImageLength);return wmfImage;}","public byte[] getThumbnailAsWMF() throws HPSFException{if (!(getClipboardFormatTag() == CFTAG_WINDOWS))throw new HPSFException(""Clipboard Format Tag of Thumbnail must "" +""be CFTAG_WINDOWS."");if (!(getClipboardFormat() == CF_METAFILEPICT)) {throw new HPSFException(""Clipboard Format of Thumbnail must "" +""be CF_METAFILEPICT."");}byte[] thumbnail = getThumbnail();int wmfImageLength = thumbnail.length - OFFSET_WMFDATA;byte[] wmfImage = new byte[wmfImageLength];System.arraycopy(thumbnail,OFFSET_WMFDATA,wmfImage,0,wmfImageLength);return wmfImage;}"
"3061","exception","public RecordInputStream createDecryptingStream(InputStream original) {String userPassword = Biff8EncryptionKey.getCurrentUserPassword();if (userPassword == null) {userPassword = Decryptor.DEFAULT_PASSWORD;}EncryptionInfo info = _filePassRec.getEncryptionInfo();try {if (!info.getDecryptor().verifyPassword(userPassword)) {throw new EncryptedDocumentException((Decryptor.DEFAULT_PASSWORD.equals(userPassword) ? ""<EXCEPTION>"" : ""Supplied"")+ "" password is invalid for salt/verifier/verifierHash"");}} catch (GeneralSecurityException e) {throw new EncryptedDocumentException(e);}return new RecordInputStream(original, info, _initialRecordsSize);}","public RecordInputStream createDecryptingStream(InputStream original) {String userPassword = Biff8EncryptionKey.getCurrentUserPassword();if (userPassword == null) {userPassword = Decryptor.DEFAULT_PASSWORD;}EncryptionInfo info = _filePassRec.getEncryptionInfo();try {if (!info.getDecryptor().verifyPassword(userPassword)) {throw new EncryptedDocumentException((Decryptor.DEFAULT_PASSWORD.equals(userPassword) ? ""Default"" : ""Supplied"")+ "" password is invalid for salt/verifier/verifierHash"");}} catch (GeneralSecurityException e) {throw new EncryptedDocumentException(e);}return new RecordInputStream(original, info, _initialRecordsSize);}"
"3722","exception","public void reportError(Parser recognizer,RecognitionException e){if (inErrorRecoveryMode(recognizer)) {return; }beginErrorCondition(recognizer);if ( e instanceof NoViableAltException ) {reportNoViableAlternative(recognizer, (NoViableAltException) e);}else if ( e instanceof InputMismatchException ) {reportInputMismatch(recognizer, (InputMismatchException)e);}else if ( e instanceof FailedPredicateException ) {reportFailedPredicate(recognizer, (FailedPredicateException)e);}else {System.err.println(""unknown recognition error type: ""+e.getClass().getName());recognizer.notifyErrorListeners(e.getOffendingToken(), e.getMessage(), e);}}","public void reportError(Parser recognizer,RecognitionException e){if (inErrorRecoveryMode(recognizer)) {return; }beginErrorCondition(recognizer);if ( e instanceof NoViableAltException ) {reportNoViableAlternative(recognizer, (NoViableAltException) e);}else if ( e instanceof InputMismatchException ) {reportInputMismatch(recognizer, (InputMismatchException)e);}else if ( e instanceof FailedPredicateException ) {reportFailedPredicate(recognizer, (FailedPredicateException)e);}else {System.err.println(""unknown recognition error type: ""+e.getClass().getName());recognizer.notifyErrorListeners(e.getOffendingToken(), e.getMessage(), e);}}"
"3780","exception","public void setLength(int length) {if (length < 0) {throw new StringIndexOutOfBoundsException(""<EXCEPTION>"" + length);}if (length > value.length) {enlargeBuffer(length);} else {if (shared) {char[] newData = new char[value.length];System.arraycopy(value, 0, newData, 0, count);value = newData;shared = false;} else {if (count < length) {Arrays.fill(value, count, length, (char) 0);}}}count = length;}","public void setLength(int length) {if (length < 0) {throw new StringIndexOutOfBoundsException(""length < 0: "" + length);}if (length > value.length) {enlargeBuffer(length);} else {if (shared) {char[] newData = new char[value.length];System.arraycopy(value, 0, newData, 0, count);value = newData;shared = false;} else {if (count < length) {Arrays.fill(value, count, length, (char) 0);}}}count = length;}"
"3978","exception","public IndexFormatTooOldException(String resourceDescription, int version, int minVersion, int maxVersion) {super(""<EXCEPTION>"" + resourceDescription + ""): "" +version + "" (needs to be between "" + minVersion + "" and "" + maxVersion +""). This version of Lucene only supports indexes created with release 8.0 and later."");this.resourceDescription = resourceDescription;this.version = version;this.minVersion = minVersion;this.maxVersion = maxVersion;this.reason = null;}","public IndexFormatTooOldException(String resourceDescription, int version, int minVersion, int maxVersion) {super(""Format version is not supported (resource "" + resourceDescription + ""): "" +version + "" (needs to be between "" + minVersion + "" and "" + maxVersion +""). This version of Lucene only supports indexes created with release 8.0 and later."");this.resourceDescription = resourceDescription;this.version = version;this.minVersion = minVersion;this.maxVersion = maxVersion;this.reason = null;}"
"4003","exception","public Entry getEntry(final String name) throws FileNotFoundException {Entry rval = null;if (name != null) {rval = _byname.get(name);}if (rval == null) {if(_byname.containsKey(""Workbook"")) {throw new IllegalArgumentException(""<EXCEPTION>"");} else if(_byname.containsKey(""PowerPoint Document"")) {throw new IllegalArgumentException(""<EXCEPTION>"");} else if(_byname.containsKey(""VisioDocument"")) {throw new IllegalArgumentException(""<EXCEPTION>"");}throw new FileNotFoundException(""<EXCEPTION>"""" + name+ ""\"", had: "" + _byname.keySet());}return rval;}","public Entry getEntry(final String name) throws FileNotFoundException {Entry rval = null;if (name != null) {rval = _byname.get(name);}if (rval == null) {if(_byname.containsKey(""Workbook"")) {throw new IllegalArgumentException(""The document is really a XLS file"");} else if(_byname.containsKey(""PowerPoint Document"")) {throw new IllegalArgumentException(""The document is really a PPT file"");} else if(_byname.containsKey(""VisioDocument"")) {throw new IllegalArgumentException(""The document is really a VSD file"");}throw new FileNotFoundException(""no such entry: \"""" + name+ ""\"", had: "" + _byname.keySet());}return rval;}"
"4417","exception","public DocumentSummaryInformation(final PropertySet ps)throws UnexpectedPropertySetTypeException {super(ps);if (!isDocumentSummaryInformation()) {throw new UnexpectedPropertySetTypeException(""<EXCEPTION>"" + getClass().getName());}}","public DocumentSummaryInformation(final PropertySet ps)throws UnexpectedPropertySetTypeException {super(ps);if (!isDocumentSummaryInformation()) {throw new UnexpectedPropertySetTypeException(""Not a "" + getClass().getName());}}"
"4444","exception","public int doLogic() throws IOException {String analyzerName = null;try {if (current >= analyzerNames.size()) {current = 0;}analyzerName = analyzerNames.get(current++);Analyzer analyzer = null;if (null == analyzerName || 0 == analyzerName.length()) {analyzerName = ""org.apache.lucene.analysis.standard.StandardAnalyzer"";}AnalyzerFactory factory = getRunData().getAnalyzerFactories().get(analyzerName);if (null != factory) {analyzer = factory.create();} else {if (analyzerName.contains(""."")) {if (analyzerName.startsWith(""standard."")) {analyzerName = ""org.apache.lucene.analysis."" + analyzerName;}analyzer = createAnalyzer(analyzerName);} else { try {String coreClassName = ""org.apache.lucene.analysis.core."" + analyzerName;analyzer = createAnalyzer(coreClassName);analyzerName = coreClassName;} catch (ClassNotFoundException e) {analyzerName = ""org.apache.lucene.analysis."" + analyzerName;analyzer = createAnalyzer(analyzerName);}}}getRunData().setAnalyzer(analyzer);} catch (Exception e) {throw new RuntimeException(""<EXCEPTION>"" + analyzerName, e);}return 1;}","public int doLogic() throws IOException {String analyzerName = null;try {if (current >= analyzerNames.size()) {current = 0;}analyzerName = analyzerNames.get(current++);Analyzer analyzer = null;if (null == analyzerName || 0 == analyzerName.length()) {analyzerName = ""org.apache.lucene.analysis.standard.StandardAnalyzer"";}AnalyzerFactory factory = getRunData().getAnalyzerFactories().get(analyzerName);if (null != factory) {analyzer = factory.create();} else {if (analyzerName.contains(""."")) {if (analyzerName.startsWith(""standard."")) {analyzerName = ""org.apache.lucene.analysis."" + analyzerName;}analyzer = createAnalyzer(analyzerName);} else { try {String coreClassName = ""org.apache.lucene.analysis.core."" + analyzerName;analyzer = createAnalyzer(coreClassName);analyzerName = coreClassName;} catch (ClassNotFoundException e) {analyzerName = ""org.apache.lucene.analysis."" + analyzerName;analyzer = createAnalyzer(analyzerName);}}}getRunData().setAnalyzer(analyzer);} catch (Exception e) {throw new RuntimeException(""Error creating Analyzer: "" + analyzerName, e);}return 1;}"
"4653","exception","public static Function getBasicFunction(int functionIndex) {switch (functionIndex) {case FunctionID.INDIRECT:case FunctionID.EXTERNAL_FUNC:return null;}Function result = functions[functionIndex];if (result == null) {throw new NotImplementedException(""<EXCEPTION>"" + functionIndex);}return result;}","public static Function getBasicFunction(int functionIndex) {switch (functionIndex) {case FunctionID.INDIRECT:case FunctionID.EXTERNAL_FUNC:return null;}Function result = functions[functionIndex];if (result == null) {throw new NotImplementedException(""FuncIx="" + functionIndex);}return result;}"
"5580","exception","public TermVectorsReader clone() {if (in == null) {throw new AlreadyClosedException(""<EXCEPTION>"");}return new SimpleTextTermVectorsReader(offsets, in.clone());}","public TermVectorsReader clone() {if (in == null) {throw new AlreadyClosedException(""this TermVectorsReader is closed"");}return new SimpleTextTermVectorsReader(offsets, in.clone());}"
"6229","exception","public Note call() throws GitAPIException {checkCallable();NoteMap map = NoteMap.newEmptyMap();RevCommit notesCommit = null;try (RevWalk walk = new RevWalk(repo);ObjectInserter inserter = repo.newObjectInserter()) {Ref ref = repo.findRef(notesRef);if (ref != null) {notesCommit = walk.parseCommit(ref.getObjectId());map = NoteMap.read(walk.getObjectReader(), notesCommit);}map.set(id, message, inserter);commitNoteMap(repo, notesRef, walk, map, notesCommit, inserter,""Notes added by 'git notes add'""); return map.getNote(id);} catch (IOException e) {throw new JGitInternalException(e.getMessage(), e);}}","public Note call() throws GitAPIException {checkCallable();NoteMap map = NoteMap.newEmptyMap();RevCommit notesCommit = null;try (RevWalk walk = new RevWalk(repo);ObjectInserter inserter = repo.newObjectInserter()) {Ref ref = repo.findRef(notesRef);if (ref != null) {notesCommit = walk.parseCommit(ref.getObjectId());map = NoteMap.read(walk.getObjectReader(), notesCommit);}map.set(id, message, inserter);commitNoteMap(repo, notesRef, walk, map, notesCommit, inserter,""Notes added by 'git notes add'""); return map.getNote(id);} catch (IOException e) {throw new JGitInternalException(e.getMessage(), e);}}"
"6317","exception","public XmlSerializer newSerializer() throws XmlPullParserException {if (serializerClasses == null) {throw new XmlPullParserException(""<EXCEPTION>""+classNamesLocation);}if(serializerClasses.size() == 0) {throw new XmlPullParserException(""<EXCEPTION>""+classNamesLocation);}final StringBuilder issues = new StringBuilder ();for (int i = 0; i < serializerClasses.size (); i++) {final Class ppClass = (Class) serializerClasses.get(i);try {final XmlSerializer ser = (XmlSerializer) ppClass.newInstance();return ser;} catch(Exception ex) {issues.append (ppClass.getName () + "": ""+ ex.toString ()+""; "");}}throw new XmlPullParserException (""<EXCEPTION>""+issues);}","public XmlSerializer newSerializer() throws XmlPullParserException {if (serializerClasses == null) {throw new XmlPullParserException(""Factory initialization incomplete - has not tried ""+classNamesLocation);}if(serializerClasses.size() == 0) {throw new XmlPullParserException(""No valid serializer classes found in ""+classNamesLocation);}final StringBuilder issues = new StringBuilder ();for (int i = 0; i < serializerClasses.size (); i++) {final Class ppClass = (Class) serializerClasses.get(i);try {final XmlSerializer ser = (XmlSerializer) ppClass.newInstance();return ser;} catch(Exception ex) {issues.append (ppClass.getName () + "": ""+ ex.toString ()+""; "");}}throw new XmlPullParserException (""could not create serializer: ""+issues);}"
"6547","exception","public void dumpDeadEndConfigs(NoViableAltException nvae) {System.err.println(""dead end configs: "");for (ATNConfig c : nvae.getDeadEndConfigs()) {String trans = ""no edges"";if ( c.state.getNumberOfTransitions()>0 ) {Transition t = c.state.transition(0);if ( t instanceof AtomTransition) {AtomTransition at = (AtomTransition)t;trans = ""Atom ""+getTokenName(at.label);}else if ( t instanceof SetTransition ) {SetTransition st = (SetTransition)t;boolean not = st instanceof NotSetTransition;trans = (not?""~"":"""")+""Set ""+st.set.toString();}}System.err.println(c.toString(parser, true)+"":""+trans);}}","public void dumpDeadEndConfigs(NoViableAltException nvae) {System.err.println(""dead end configs: "");for (ATNConfig c : nvae.getDeadEndConfigs()) {String trans = ""no edges"";if ( c.state.getNumberOfTransitions()>0 ) {Transition t = c.state.transition(0);if ( t instanceof AtomTransition) {AtomTransition at = (AtomTransition)t;trans = ""Atom ""+getTokenName(at.label);}else if ( t instanceof SetTransition ) {SetTransition st = (SetTransition)t;boolean not = st instanceof NotSetTransition;trans = (not?""~"":"""")+""Set ""+st.set.toString();}}System.err.println(c.toString(parser, true)+"":""+trans);}}"
"7034","exception","public Cell next() {if (!hasNext()) {throw new NoSuchElementException(""<EXCEPTION>"");}HSSFCell cell = cells[nextId];thisId = nextId;findNext();return cell;}","public Cell next() {if (!hasNext()) {throw new NoSuchElementException(""At last element"");}HSSFCell cell = cells[nextId];thisId = nextId;findNext();return cell;}"
"7178","exception","public final Buffer reset() {if (mark == UNSET_MARK) {throw new InvalidMarkException(""<EXCEPTION>"");}position = mark;return this;}","public final Buffer reset() {if (mark == UNSET_MARK) {throw new InvalidMarkException(""Mark not set"");}position = mark;return this;}"
"7397","exception","public int popMode() {if ( _modeStack.isEmpty() ) throw new EmptyStackException();if ( LexerATNSimulator.debug ) System.out.println(""<EXCEPTION>""+ _modeStack.peek());mode( _modeStack.pop() );return _mode;}","public int popMode() {if ( _modeStack.isEmpty() ) throw new EmptyStackException();if ( LexerATNSimulator.debug ) System.out.println(""popMode back to ""+ _modeStack.peek());mode( _modeStack.pop() );return _mode;}"
"7933","exception","public IndexFormatTooNewException(String resourceDescription, int version, int minVersion, int maxVersion) {super(""<EXCEPTION>"" + resourceDescription + ""): ""+ version + "" (needs to be between "" + minVersion + "" and "" + maxVersion + "")"");this.resourceDescription = resourceDescription;this.version = version;this.minVersion = minVersion;this.maxVersion = maxVersion;}","public IndexFormatTooNewException(String resourceDescription, int version, int minVersion, int maxVersion) {super(""Format version is not supported (resource "" + resourceDescription + ""): ""+ version + "" (needs to be between "" + minVersion + "" and "" + maxVersion + "")"");this.resourceDescription = resourceDescription;this.version = version;this.minVersion = minVersion;this.maxVersion = maxVersion;}"
"8408","exception","public static void main(String[] args) throws Exception {String field = null;int numTerms = DEFAULT_NUMTERMS;if (args.length == 0 || args.length > 4) {usage();System.exit(1);}Directory dir = FSDirectory.open(Paths.get(args[0]));Comparator<TermStats> comparator = new DocFreqComparator();for (int i = 1; i < args.length; i++) {if (args[i].equals(""-t"")) {comparator = new TotalTermFreqComparator();}else{try {numTerms = Integer.parseInt(args[i]);} catch (NumberFormatException e) {field=args[i];}}}IndexReader reader = DirectoryReader.open(dir);TermStats[] terms = getHighFreqTerms(reader, numTerms, field, comparator);for (int i = 0; i < terms.length; i++) {System.out.printf(Locale.ROOT, ""%s:%s \t totalTF = %,d \t docFreq = %,d \n"",terms[i].field, terms[i].termtext.utf8ToString(), terms[i].totalTermFreq, terms[i].docFreq);}reader.close();}","public static void main(String[] args) throws Exception {String field = null;int numTerms = DEFAULT_NUMTERMS;if (args.length == 0 || args.length > 4) {usage();System.exit(1);}Directory dir = FSDirectory.open(Paths.get(args[0]));Comparator<TermStats> comparator = new DocFreqComparator();for (int i = 1; i < args.length; i++) {if (args[i].equals(""-t"")) {comparator = new TotalTermFreqComparator();}else{try {numTerms = Integer.parseInt(args[i]);} catch (NumberFormatException e) {field=args[i];}}}IndexReader reader = DirectoryReader.open(dir);TermStats[] terms = getHighFreqTerms(reader, numTerms, field, comparator);for (int i = 0; i < terms.length; i++) {System.out.printf(Locale.ROOT, ""%s:%s \t totalTF = %,d \t docFreq = %,d \n"",terms[i].field, terms[i].termtext.utf8ToString(), terms[i].totalTermFreq, terms[i].docFreq);}reader.close();}"
"10250","exception","public ResetCommand addPath(String path) {if (mode != null)throw new JGitInternalException(MessageFormat.format(JGitText.get().illegalCombinationOfArguments, ""<EXCEPTION>"", ""[--mixed | --soft | --hard]"")); filepaths.add(path);return this;}","public ResetCommand addPath(String path) {if (mode != null)throw new JGitInternalException(MessageFormat.format(JGitText.get().illegalCombinationOfArguments, ""<paths>..."", ""[--mixed | --soft | --hard]"")); filepaths.add(path);return this;}"
"147","append","public String toString(){StringBuilder buffer = new StringBuilder();buffer.append(""<APPEND_STR>"");buffer.append(""<APPEND_STR>"").append(Integer.toHexString(getSaveLinkValues())).append(""<APPEND_STR>"");buffer.append(""<APPEND_STR>"");return buffer.toString();}","public String toString(){StringBuilder buffer = new StringBuilder();buffer.append(""[BOOKBOOL]\n"");buffer.append(""    .savelinkvalues  = "").append(Integer.toHexString(getSaveLinkValues())).append(""\n"");buffer.append(""[/BOOKBOOL]\n"");return buffer.toString();}"
"637","append","public String toString() {StringBuilder sb = new StringBuilder();if (fetchResult != null)sb.append(fetchResult.toString());elsesb.append(""<APPEND_STR>"");sb.append(""<APPEND_STR>"");if (mergeResult != null)sb.append(mergeResult.toString());else if (rebaseResult != null)sb.append(rebaseResult.toString());elsesb.append(""<APPEND_STR>"");return sb.toString();}","public String toString() {StringBuilder sb = new StringBuilder();if (fetchResult != null)sb.append(fetchResult.toString());elsesb.append(""No fetch result"");sb.append(""\n"");if (mergeResult != null)sb.append(mergeResult.toString());else if (rebaseResult != null)sb.append(rebaseResult.toString());elsesb.append(""No update result"");return sb.toString();}"
"702","append","public String toString(){StringBuilder buffer = new StringBuilder();buffer.append(""<APPEND_STR>"");buffer.append(""<APPEND_STR>"").append(""<APPEND_STR>"").append(HexDump.toHex(  getOptions ())).append(""<APPEND_STR>"").append( getOptions() ).append(""<APPEND_STR>"");buffer.append(System.getProperty(""line.separator""));buffer.append(""<APPEND_STR>"").append(isHorizontalBorder()).append('\n');buffer.append(""<APPEND_STR>"").append(isVerticalBorder()).append('\n');buffer.append(""<APPEND_STR>"").append(isBorder()).append('\n');buffer.append(""<APPEND_STR>"").append(isShowSeriesKey()).append('\n');buffer.append(""<APPEND_STR>"");return buffer.toString();}","public String toString(){StringBuilder buffer = new StringBuilder();buffer.append(""[DAT]\n"");buffer.append(""    .options              = "").append(""0x"").append(HexDump.toHex(  getOptions ())).append("" ("").append( getOptions() ).append("" )"");buffer.append(System.getProperty(""line.separator""));buffer.append(""         .horizontalBorder         = "").append(isHorizontalBorder()).append('\n');buffer.append(""         .verticalBorder           = "").append(isVerticalBorder()).append('\n');buffer.append(""         .border                   = "").append(isBorder()).append('\n');buffer.append(""         .showSeriesKey            = "").append(isShowSeriesKey()).append('\n');buffer.append(""[/DAT]\n"");return buffer.toString();}"
"713","append","public String toString() {StringBuilder buffer = new StringBuilder();buffer.append(""<APPEND_STR>"");buffer.append(""<APPEND_STR>"").append(HexDump.shortToHex(rt)).append('\n');buffer.append(""<APPEND_STR>"").append(HexDump.shortToHex(grbitFrt)).append('\n');buffer.append(""<APPEND_STR>"").append(HexDump.shortToHex(wOffset)).append('\n');buffer.append(""<APPEND_STR>"").append(HexDump.shortToHex(at)).append('\n');buffer.append(""<APPEND_STR>"").append(HexDump.shortToHex(grbit)).append('\n');if(unused != null)buffer.append(""<APPEND_STR>"").append(HexDump.shortToHex(unused)).append('\n');buffer.append(""<APPEND_STR>"");return buffer.toString();}","public String toString() {StringBuilder buffer = new StringBuilder();buffer.append(""[CATLAB]\n"");buffer.append(""    .rt      ="").append(HexDump.shortToHex(rt)).append('\n');buffer.append(""    .grbitFrt="").append(HexDump.shortToHex(grbitFrt)).append('\n');buffer.append(""    .wOffset ="").append(HexDump.shortToHex(wOffset)).append('\n');buffer.append(""    .at      ="").append(HexDump.shortToHex(at)).append('\n');buffer.append(""    .grbit   ="").append(HexDump.shortToHex(grbit)).append('\n');if(unused != null)buffer.append(""    .unused  ="").append(HexDump.shortToHex(unused)).append('\n');buffer.append(""[/CATLAB]\n"");return buffer.toString();}"
"1109","append","public String toString() {StringBuilder buffer = new StringBuilder();buffer.append(""<APPEND_STR>"");buffer.append(""<APPEND_STR>"").append(_colors.size()).append('\n');for (int i = 0; i < _colors.size(); i++) {PColor c = _colors.get(i);buffer.append(""<APPEND_STR>"").append(i).append('\n');buffer.append(c);buffer.append("""");}}","public String toString() {StringBuilder buffer = new StringBuilder();buffer.append(""[PALETTE]\n"");buffer.append(""  numcolors     = "").append(_colors.size()).append('\n');for (int i = 0; i < _colors.size(); i++) {PColor c = _colors.get(i);buffer.append(""* colornum      = "").append(i).append('\n');buffer.append(c);buffer.append("""");}}"
"1263","append","public String toString() {StringBuilder buffer = new StringBuilder(""[Data Table - Parent cell is an interior cell in a data table]\n"");buffer.append(""<APPEND_STR>"").append(getRow()).append(""<APPEND_STR>"");buffer.append(""<APPEND_STR>"").append(getColumn()).append(""<APPEND_STR>"");return buffer.toString();}","public String toString() {StringBuilder buffer = new StringBuilder(""[Data Table - Parent cell is an interior cell in a data table]\n"");buffer.append(""top left row = "").append(getRow()).append(""\n"");buffer.append(""top left col = "").append(getColumn()).append(""\n"");return buffer.toString();}"
"1551","append","public String toString() {StringBuilder buffer = new StringBuilder();buffer.append(""<APPEND_STR>"");buffer.append(""<APPEND_STR>"").append(HexDump.shortToHex(isxvdData)).append(""<APPEND_STR>"");buffer.append(""<APPEND_STR>"").append(HexDump.shortToHex(iiftab)).append(""<APPEND_STR>"");buffer.append(""<APPEND_STR>"").append(HexDump.shortToHex(df)).append(""<APPEND_STR>"");buffer.append(""<APPEND_STR>"").append(HexDump.shortToHex(isxvd)).append(""<APPEND_STR>"");buffer.append(""<APPEND_STR>"").append(HexDump.shortToHex(isxvi)).append(""<APPEND_STR>"");buffer.append(""<APPEND_STR>"").append(HexDump.shortToHex(ifmt)).append(""<APPEND_STR>"");buffer.append(""<APPEND_STR>"");return buffer.toString();}","public String toString() {StringBuilder buffer = new StringBuilder();buffer.append(""[SXDI]\n"");buffer.append(""  .isxvdData = "").append(HexDump.shortToHex(isxvdData)).append(""\n"");buffer.append(""  .iiftab = "").append(HexDump.shortToHex(iiftab)).append(""\n"");buffer.append(""  .df = "").append(HexDump.shortToHex(df)).append(""\n"");buffer.append(""  .isxvd = "").append(HexDump.shortToHex(isxvd)).append(""\n"");buffer.append(""  .isxvi = "").append(HexDump.shortToHex(isxvi)).append(""\n"");buffer.append(""  .ifmt = "").append(HexDump.shortToHex(ifmt)).append(""\n"");buffer.append(""[/SXDI]\n"");return buffer.toString();}"
"1829","append","public String toString() {final StringBuilder sb = new StringBuilder();sb.append(""<APPEND_STR>"");sb.append(""<APPEND_STR>"").append(HexDump.shortToHex(field_1_record_type)).append(""<APPEND_STR>"");sb.append(""<APPEND_STR>"").append(HexDump.byteToHex(field_2_frt_cell_ref_flag)).append(""<APPEND_STR>"");sb.append(""<APPEND_STR>"").append(field_3_reserved).append(""<APPEND_STR>"");sb.append(""<APPEND_STR>"").append(field_6_name_text.length()).append(""<APPEND_STR>"");sb.append(""<APPEND_STR>"").append(field_7_comment_text.length()).append(""<APPEND_STR>"");sb.append(""<APPEND_STR>"").append(field_6_name_text).append(""<APPEND_STR>"");sb.append(""<APPEND_STR>"").append(field_7_comment_text).append(""<APPEND_STR>"");sb.append(""<APPEND_STR>"");return sb.toString();}","public String toString() {final StringBuilder sb = new StringBuilder();sb.append(""[NAMECMT]\n"");sb.append(""    .record type            = "").append(HexDump.shortToHex(field_1_record_type)).append(""\n"");sb.append(""    .frt cell ref flag      = "").append(HexDump.byteToHex(field_2_frt_cell_ref_flag)).append(""\n"");sb.append(""    .reserved               = "").append(field_3_reserved).append(""\n"");sb.append(""    .name length            = "").append(field_6_name_text.length()).append(""\n"");sb.append(""    .comment length         = "").append(field_7_comment_text.length()).append(""\n"");sb.append(""    .name                   = "").append(field_6_name_text).append(""\n"");sb.append(""    .comment                = "").append(field_7_comment_text).append(""\n"");sb.append(""[/NAMECMT]\n"");return sb.toString();}"
"1916","append","public String toString(){StringBuilder buffer = new StringBuilder();buffer.append(""<APPEND_STR>"");buffer.append(""<APPEND_STR>"");return buffer.toString();}","public String toString(){StringBuilder buffer = new StringBuilder();buffer.append(""[WRITEPROTECT]\n"");buffer.append(""[/WRITEPROTECT]\n"");return buffer.toString();}"
"1991","append","public String toString() {StringBuilder buffer = new StringBuilder();buffer.append(""<APPEND_STR>"");buffer.append(""<APPEND_STR>"").append(_formats.length).append(""<APPEND_STR>"");for(int i=0; i<_formats.length; i++) {CTFormat ctf = _formats[i];buffer.append(""<APPEND_STR>"").append(ctf.getOffset());buffer.append(""<APPEND_STR>"").append(ctf.getFontIndex());buffer.append(""<APPEND_STR>"");}buffer.append(""<APPEND_STR>"");return buffer.toString();}","public String toString() {StringBuilder buffer = new StringBuilder();buffer.append(""[CHARTTITLEFORMAT]\n"");buffer.append(""    .format_runs       = "").append(_formats.length).append(""\n"");for(int i=0; i<_formats.length; i++) {CTFormat ctf = _formats[i];buffer.append(""       .char_offset= "").append(ctf.getOffset());buffer.append("",.fontidx= "").append(ctf.getFontIndex());buffer.append(""\n"");}buffer.append(""[/CHARTTITLEFORMAT]\n"");return buffer.toString();}"
"2196","append","public String toString(){StringBuilder buffer = new StringBuilder();buffer.append(""<APPEND_STR>"" );buffer.append(""<APPEND_STR>"" ).append(""<APPEND_STR>"" ).append( getMargin() ).append(""<APPEND_STR>"" );buffer.append(""<APPEND_STR>"" );return buffer.toString();}","public String toString(){StringBuilder buffer = new StringBuilder();buffer.append( ""[BottomMargin]\n"" );buffer.append( ""    .margin               = "" ).append( "" ("" ).append( getMargin() ).append( "" )\n"" );buffer.append( ""[/BottomMargin]\n"" );return buffer.toString();}"
"2369","append","public String toString() {StringBuilder buffer = new StringBuilder();buffer.append(""<APPEND_STR>"");buffer.append(""<APPEND_STR>"").append(HexDump.shortToHex(_codepage)).append(""<APPEND_STR>"");buffer.append(""<APPEND_STR>"");return buffer.toString();}","public String toString() {StringBuilder buffer = new StringBuilder();buffer.append(""[INTERFACEHDR]\n"");buffer.append(""    .codepage = "").append(HexDump.shortToHex(_codepage)).append(""\n"");buffer.append(""[/INTERFACEHDR]\n"");return buffer.toString();}"
"2605","append","@Override public String toString() {StringBuilder buf = new StringBuilder();buf.append(getClass().getName());buf.append(""<APPEND_STR>"");buf.append(capacity);buf.append(""<APPEND_STR>"");buf.append(position);buf.append(""<APPEND_STR>"");buf.append(limit);return buf.toString();}","@Override public String toString() {StringBuilder buf = new StringBuilder();buf.append(getClass().getName());buf.append("", status: capacity="");buf.append(capacity);buf.append("" position="");buf.append(position);buf.append("" limit="");buf.append(limit);return buf.toString();}"
"4414","append","public String toString() {StringBuilder buffer = new StringBuilder();buffer.append(""<APPEND_STR>"");buffer.append(""<APPEND_STR>"").append(length).append(""<APPEND_STR>"");buffer.append(""<APPEND_STR>"").append(HexDump.toHex(flags)).append(""<APPEND_STR>"");buffer.append(""<APPEND_STR>"");return buffer.toString();}","public String toString() {StringBuilder buffer = new StringBuilder();buffer.append(""[FtPioGrbit ]\n"");buffer.append(""  size     = "").append(length).append(""\n"");buffer.append(""  flags    = "").append(HexDump.toHex(flags)).append(""\n"");buffer.append(""[/FtPioGrbit ]\n"");return buffer.toString();}"
"4428","append","public String toString(){StringBuilder buffer = new StringBuilder();buffer.append(""<APPEND_STR>"");buffer.append(""<APPEND_STR>"").append(Integer.toHexString(getFirstRow())).append(""<APPEND_STR>"");buffer.append(""<APPEND_STR>"").append(Integer.toHexString(getLastRow())).append(""<APPEND_STR>"");buffer.append(""<APPEND_STR>"").append(Integer.toHexString(getFirstCol())).append(""<APPEND_STR>"");buffer.append(""<APPEND_STR>"").append(Integer.toHexString(getLastCol())).append(""<APPEND_STR>"");buffer.append(""<APPEND_STR>"").append(Integer.toHexString(field_5_zero)).append(""<APPEND_STR>"");buffer.append(""<APPEND_STR>"");return buffer.toString();}","public String toString(){StringBuilder buffer = new StringBuilder();buffer.append(""[DIMENSIONS]\n"");buffer.append(""    .firstrow       = "").append(Integer.toHexString(getFirstRow())).append(""\n"");buffer.append(""    .lastrow        = "").append(Integer.toHexString(getLastRow())).append(""\n"");buffer.append(""    .firstcol       = "").append(Integer.toHexString(getFirstCol())).append(""\n"");buffer.append(""    .lastcol        = "").append(Integer.toHexString(getLastCol())).append(""\n"");buffer.append(""    .zero           = "").append(Integer.toHexString(field_5_zero)).append(""\n"");buffer.append(""[/DIMENSIONS]\n"");return buffer.toString();}"
"4757","append","public String toString(){StringBuilder buffer = new StringBuilder();buffer.append(""<APPEND_STR>"");buffer.append(""<APPEND_STR>"").append(Integer.toHexString(getMode())).append(""<APPEND_STR>"");buffer.append(""<APPEND_STR>"");return buffer.toString();}","public String toString(){StringBuilder buffer = new StringBuilder();buffer.append(""[REFMODE]\n"");buffer.append(""    .mode           = "").append(Integer.toHexString(getMode())).append(""\n"");buffer.append(""[/REFMODE]\n"");return buffer.toString();}"
"5307","append","public String toString() {if (getChildren() == null || getChildren().size() == 0)return ""<multiPhrase/>"";StringBuilder sb = new StringBuilder();sb.append(""<APPEND_STR>"");for (QueryNode child : getChildren()) {sb.append(""<APPEND_STR>"");sb.append(child.toString());}sb.append(""<APPEND_STR>"");return sb.toString();}","public String toString() {if (getChildren() == null || getChildren().size() == 0)return ""<multiPhrase/>"";StringBuilder sb = new StringBuilder();sb.append(""<multiPhrase>"");for (QueryNode child : getChildren()) {sb.append(""\n"");sb.append(child.toString());}sb.append(""\n</multiPhrase>"");return sb.toString();}"
"6109","append","public String toString() {StringBuilder buffer = new StringBuilder();buffer.append(""<APPEND_STR>"");buffer.append(""<APPEND_STR>"").append(HexDump.shortToHex(getVersion())).append(""<APPEND_STR>"");buffer.append(""<APPEND_STR>"").append(HexDump.shortToHex(getType()));buffer.append(""<APPEND_STR>"").append(getTypeName()).append(""<APPEND_STR>"").append(""<APPEND_STR>"");buffer.append(""<APPEND_STR>"").append(HexDump.shortToHex(getBuild())).append(""<APPEND_STR>"");buffer.append(""<APPEND_STR>"").append(getBuildYear()).append(""<APPEND_STR>"");buffer.append(""<APPEND_STR>"").append(HexDump.intToHex(getHistoryBitMask())).append(""<APPEND_STR>"");buffer.append(""<APPEND_STR>"").append(HexDump.intToHex(getRequiredVersion())).append(""<APPEND_STR>"");buffer.append(""<APPEND_STR>"");return buffer.toString();}","public String toString() {StringBuilder buffer = new StringBuilder();buffer.append(""[BOF RECORD]\n"");buffer.append(""    .version  = "").append(HexDump.shortToHex(getVersion())).append(""\n"");buffer.append(""    .type     = "").append(HexDump.shortToHex(getType()));buffer.append("" ("").append(getTypeName()).append("")"").append(""\n"");buffer.append(""    .build    = "").append(HexDump.shortToHex(getBuild())).append(""\n"");buffer.append(""    .buildyear= "").append(getBuildYear()).append(""\n"");buffer.append(""    .history  = "").append(HexDump.intToHex(getHistoryBitMask())).append(""\n"");buffer.append(""    .reqver   = "").append(HexDump.intToHex(getRequiredVersion())).append(""\n"");buffer.append(""[/BOF RECORD]\n"");return buffer.toString();}"
"6295","append","public String toString() {StringBuilder buffer = new StringBuilder();buffer.append(""<APPEND_STR>"");buffer.append(""<APPEND_STR>"").append(HexDump.shortToHex(_options)).append(""<APPEND_STR>"");buffer.append(""<APPEND_STR>"");return buffer.toString();}","public String toString() {StringBuilder buffer = new StringBuilder();buffer.append(""[PROTECT]\n"");buffer.append(""    .options = "").append(HexDump.shortToHex(_options)).append(""\n"");buffer.append(""[/PROTECT]\n"");return buffer.toString();}"
"6303","append","public String toString() {StringBuilder buffer = new StringBuilder();buffer.append(""<APPEND_STR>"");buffer.append(""<APPEND_STR>"").append(_colors.size()).append('\n');for (int i = 0; i < _colors.size(); i++) {PColor c = _colors.get(i);buffer.append(""<APPEND_STR>"").append(i).append('\n');buffer.append(c);buffer.append("""");}}","public String toString() {StringBuilder buffer = new StringBuilder();buffer.append(""[PALETTE]\n"");buffer.append(""  numcolors     = "").append(_colors.size()).append('\n');for (int i = 0; i < _colors.size(); i++) {PColor c = _colors.get(i);buffer.append(""* colornum      = "").append(i).append('\n');buffer.append(c);buffer.append("""");}}"
"6409","append","public String segString(Directory dir) {StringBuilder b = new StringBuilder();b.append(""<APPEND_STR>"");final int count = merges.size();for(int i=0;i<count;i++) {b.append(""<APPEND_STR>"").append(1 + i).append(""<APPEND_STR>"").append(merges.get(i).segString());}return b.toString();}","public String segString(Directory dir) {StringBuilder b = new StringBuilder();b.append(""MergeSpec:\n"");final int count = merges.size();for(int i=0;i<count;i++) {b.append(""  "").append(1 + i).append("": "").append(merges.get(i).segString());}return b.toString();}"
"6548","append","public String toString() {StringBuilder sb = new StringBuilder();sb.append(""<APPEND_STR>"");if(isExternalReferences()) {sb.append(""<APPEND_STR>"");sb.append(""<APPEND_STR>"").append(getURL()).append(""<APPEND_STR>"");sb.append(""<APPEND_STR>"").append(field_1_number_of_sheets).append(""<APPEND_STR>"");for (String sheetname : field_3_sheet_names) {sb.append(""<APPEND_STR>"").append(sheetname).append(""<APPEND_STR>"");}sb.append(""<APPEND_STR>"");} else if(_isAddInFunctions) {sb.append(""<APPEND_STR>"");} else {sb.append(""<APPEND_STR>"");sb.append(""<APPEND_STR>"").append(field_1_number_of_sheets);}sb.append(""<APPEND_STR>"");return sb.toString();}","public String toString() {StringBuilder sb = new StringBuilder();sb.append(""[SUPBOOK "");if(isExternalReferences()) {sb.append(""External References]\n"");sb.append("" .url     = "").append(getURL()).append(""\n"");sb.append("" .nSheets = "").append(field_1_number_of_sheets).append(""\n"");for (String sheetname : field_3_sheet_names) {sb.append(""    .name = "").append(sheetname).append(""\n"");}sb.append(""[/SUPBOOK"");} else if(_isAddInFunctions) {sb.append(""Add-In Functions"");} else {sb.append(""Internal References"");sb.append("" nSheets="").append(field_1_number_of_sheets);}sb.append(""]"");return sb.toString();}"
"6731","append","public String toString(){StringBuilder buffer = new StringBuilder();buffer.append(""<APPEND_STR>"");buffer.append(""<APPEND_STR>"").append(Integer.toHexString(getCalcMode())).append(""<APPEND_STR>"");buffer.append(""<APPEND_STR>"");return buffer.toString();}","public String toString(){StringBuilder buffer = new StringBuilder();buffer.append(""[CALCMODE]\n"");buffer.append(""    .calcmode       = "").append(Integer.toHexString(getCalcMode())).append(""\n"");buffer.append(""[/CALCMODE]\n"");return buffer.toString();}"
"6980","append","public String toString() {StringBuilder r = new StringBuilder();r.append(""<APPEND_STR>"");Ref cur = this;while (cur.isSymbolic()) {r.append(cur.getName());r.append(""<APPEND_STR>"");cur = cur.getTarget();}r.append(cur.getName());r.append('=');r.append(ObjectId.toString(cur.getObjectId()));r.append(""<APPEND_STR>"");r.append(updateIndex); r.append(""<APPEND_STR>"");return r.toString();}","public String toString() {StringBuilder r = new StringBuilder();r.append(""SymbolicRef["");Ref cur = this;while (cur.isSymbolic()) {r.append(cur.getName());r.append("" -> "");cur = cur.getTarget();}r.append(cur.getName());r.append('=');r.append(ObjectId.toString(cur.getObjectId()));r.append(""("");r.append(updateIndex); r.append("")]"");return r.toString();}"
"7170","append","public String toString() {if (getChildren() == null || getChildren().size() == 0)return ""<any field='"" + this.field + ""'  matchelements=""+ this.minimumMatchingmElements + ""/>"";StringBuilder sb = new StringBuilder();sb.append(""<APPEND_STR>"").append(this.field).append(""<APPEND_STR>"").append(this.minimumMatchingmElements).append('>');for (QueryNode clause : getChildren()) {sb.append(""<APPEND_STR>"");sb.append(clause.toString());}sb.append(""<APPEND_STR>"");return sb.toString();}","public String toString() {if (getChildren() == null || getChildren().size() == 0)return ""<any field='"" + this.field + ""'  matchelements=""+ this.minimumMatchingmElements + ""/>"";StringBuilder sb = new StringBuilder();sb.append(""<any field='"").append(this.field).append(""'  matchelements="").append(this.minimumMatchingmElements).append('>');for (QueryNode clause : getChildren()) {sb.append(""\n"");sb.append(clause.toString());}sb.append(""\n</any>"");return sb.toString();}"
"7356","append","public String toString() {final StringBuilder b = new StringBuilder();final int sectionCount = getSectionCount();b.append(getClass().getName());b.append('[');b.append(""<APPEND_STR>"");b.append(getByteOrder());b.append(""<APPEND_STR>"");b.append(getClassID());b.append(""<APPEND_STR>"");b.append(getFormat());b.append(""<APPEND_STR>"");b.append(getOSVersion());b.append(""<APPEND_STR>"");b.append(sectionCount);b.append(""<APPEND_STR>"");for (Section section: getSections()) {b.append(section.toString(getPropertySetIDMap()));}b.append(']');b.append(']');return b.toString();}","public String toString() {final StringBuilder b = new StringBuilder();final int sectionCount = getSectionCount();b.append(getClass().getName());b.append('[');b.append(""byteOrder: "");b.append(getByteOrder());b.append("", classID: "");b.append(getClassID());b.append("", format: "");b.append(getFormat());b.append("", OSVersion: "");b.append(getOSVersion());b.append("", sectionCount: "");b.append(sectionCount);b.append("", sections: [\n"");for (Section section: getSections()) {b.append(section.toString(getPropertySetIDMap()));}b.append(']');b.append(']');return b.toString();}"
"7796","append","public String toString(){StringBuilder buffer = new StringBuilder();buffer.append(""<APPEND_STR>"");buffer.append(""<APPEND_STR>"").append(getString()).append(""<APPEND_STR>"");buffer.append(""<APPEND_STR>"");return buffer.toString();}","public String toString(){StringBuilder buffer = new StringBuilder();buffer.append(""[OLD STRING]\n"");buffer.append(""    .string            = "").append(getString()).append(""\n"");buffer.append(""[/OLD STRING]\n"");return buffer.toString();}"
"9083","append","public String toString() {StringBuilder b = new StringBuilder();b.append(""<APPEND_STR>"");for (int i = 0; i < size; i++) {b.append(""<APPEND_STR>"").append(i);if (accept.get(i)) b.append(""<APPEND_STR>"");else b.append(""<APPEND_STR>"");for (int j = 0; j < points.length; j++) {int k = transitions[i * points.length + j];if (k != -1) {int min = points[j];int max;if (j + 1 < points.length) max = (points[j + 1] - 1);else max = alphabetSize;b.append(""<APPEND_STR>"");Automaton.appendCharString(min, b);if (min != max) {b.append(""<APPEND_STR>"");Automaton.appendCharString(max, b);}b.append(""<APPEND_STR>"").append(k).append(""<APPEND_STR>"");}}}return b.toString();}","public String toString() {StringBuilder b = new StringBuilder();b.append(""initial state: 0\n"");for (int i = 0; i < size; i++) {b.append(""state "").append(i);if (accept.get(i)) b.append("" [accept]:\n"");else b.append("" [reject]:\n"");for (int j = 0; j < points.length; j++) {int k = transitions[i * points.length + j];if (k != -1) {int min = points[j];int max;if (j + 1 < points.length) max = (points[j + 1] - 1);else max = alphabetSize;b.append("" "");Automaton.appendCharString(min, b);if (min != max) {b.append(""-"");Automaton.appendCharString(max, b);}b.append("" -> "").append(k).append(""\n"");}}}return b.toString();}"
"9114","append","public String toString(){StringBuilder buffer = new StringBuilder();buffer.append(""<APPEND_STR>"");buffer.append(""<APPEND_STR>"").append(Integer.toHexString(getWindowing())).append(""<APPEND_STR>"");buffer.append(""<APPEND_STR>"");return buffer.toString();}","public String toString(){StringBuilder buffer = new StringBuilder();buffer.append(""[1904]\n"");buffer.append(""    .is1904          = "").append(Integer.toHexString(getWindowing())).append(""\n"");buffer.append(""[/1904]\n"");return buffer.toString();}"
"9204","append","public String toString() {StringBuilder buffer = new StringBuilder();buffer.append(""<APPEND_STR>"" + "": \"""").append(getField()).append(""<APPEND_STR>"">"");if (getReverse()) buffer.append('!');if (missingValue != null) {buffer.append(""<APPEND_STR>"");buffer.append(missingValue);}buffer.append(""<APPEND_STR>"");buffer.append(selector);return buffer.toString();}","public String toString() {StringBuilder buffer = new StringBuilder();buffer.append(""<sortedset"" + "": \"""").append(getField()).append(""\"">"");if (getReverse()) buffer.append('!');if (missingValue != null) {buffer.append("" missingValue="");buffer.append(missingValue);}buffer.append("" selector="");buffer.append(selector);return buffer.toString();}"
"9306","append","public String toString() {StringBuilder retval = new StringBuilder();retval.append(""<APPEND_STR>"").append(""<APPEND_STR>"");retval.append(""<APPEND_STR>"").append(getNumAreas()).append(""<APPEND_STR>"");for (int k = 0; k < _numberOfRegions; k++) {CellRangeAddress r = _regions[_startIndex + k];retval.append(""<APPEND_STR>"").append(r.getFirstRow()).append(""<APPEND_STR>"");retval.append(""<APPEND_STR>"").append(r.getLastRow()).append(""<APPEND_STR>"");retval.append(""<APPEND_STR>"").append(r.getFirstColumn()).append(""<APPEND_STR>"");retval.append(""<APPEND_STR>"").append(r.getLastColumn()).append(""<APPEND_STR>"");}retval.append(""<APPEND_STR>"").append(""<APPEND_STR>"");return retval.toString();}","public String toString() {StringBuilder retval = new StringBuilder();retval.append(""[MERGEDCELLS]"").append(""\n"");retval.append(""     .numregions ="").append(getNumAreas()).append(""\n"");for (int k = 0; k < _numberOfRegions; k++) {CellRangeAddress r = _regions[_startIndex + k];retval.append(""     .rowfrom ="").append(r.getFirstRow()).append(""\n"");retval.append(""     .rowto   ="").append(r.getLastRow()).append(""\n"");retval.append(""     .colfrom ="").append(r.getFirstColumn()).append(""\n"");retval.append(""     .colto   ="").append(r.getLastColumn()).append(""\n"");}retval.append(""[MERGEDCELLS]"").append(""\n"");return retval.toString();}"
"9384","append","public String toString(){StringBuilder buffer = new StringBuilder();buffer.append(""<APPEND_STR>"" );buffer.append(""<APPEND_STR>"" ).append(""<APPEND_STR>"" ).append( getMargin() ).append(""<APPEND_STR>"" );buffer.append(""<APPEND_STR>"" );return buffer.toString();}","public String toString(){StringBuilder buffer = new StringBuilder();buffer.append( ""[LeftMargin]\n"" );buffer.append( ""    .margin               = "" ).append( "" ("" ).append( getMargin() ).append( "" )\n"" );buffer.append( ""[/LeftMargin]\n"" );return buffer.toString();}"
"9864","append","public String toString() {StringBuilder buffer = new StringBuilder();buffer.append(""<APPEND_STR>"");buffer.append(""<APPEND_STR>"").append(getText()).append(""<APPEND_STR>"");buffer.append(""<APPEND_STR>"");return buffer.toString();}","public String toString() {StringBuilder buffer = new StringBuilder();buffer.append(""[FOOTER]\n"");buffer.append(""    .footer = "").append(getText()).append(""\n"");buffer.append(""[/FOOTER]\n"");return buffer.toString();}"
"9984","append","public String toString() {StringBuilder buffer = new StringBuilder();buffer.append(""<APPEND_STR>"");buffer.append(""<APPEND_STR>"");return buffer.toString();}","public String toString() {StringBuilder buffer = new StringBuilder();buffer.append("" [FEATURE SMART TAGS]\n"");buffer.append("" [/FEATURE SMART TAGS]\n"");return buffer.toString();}"
"10223","append","public String toString() {StringBuilder buffer = new StringBuilder();buffer.append(""<APPEND_STR>"");buffer.append(""<APPEND_STR>"" + recordType);buffer.append(""<APPEND_STR>"" + grbitFrt);buffer.append(""<APPEND_STR>"");return buffer.toString();}","public String toString() {StringBuilder buffer = new StringBuilder();buffer.append("" [FUTURE HEADER]\n"");buffer.append(""   Type "" + recordType);buffer.append(""   Flags "" + grbitFrt);buffer.append("" [/FUTURE HEADER]\n"");return buffer.toString();}"
